Oír y escuchar se refieren a la recepción de sonido, pero oír es pasivo e involuntario mientras que escuchar implica prestar atención de forma consciente;Hear and listen both relate to receiving sound, but hear is passive and involuntary whereas listen implies paying conscious attention
Ver y mirar comparten el sentido de la visión, pero ver ocurre sin intención mientras que mirar supone dirigir la vista deliberadamente hacia algo;See and look both involve vision, but see happens without intention whereas look means directing your gaze deliberately at something
Saber y conocer expresan formas distintas de conocimiento: saber se usa para hechos, habilidades o información, mientras que conocer implica familiaridad con personas, lugares o cosas;Know in English covers two distinct ideas: one refers to facts or skills, and the other implies familiarity with people, places, or things
Ser y estar son dos verbos que expresan existencia o identidad: ser se usa para características permanentes o esenciales, mientras que estar indica estados temporales o condiciones cambiantes;Be in English corresponds to two separate verbs in other languages: one is used for permanent or essential traits, while the other indicates temporary states or changing conditions
Pedir y preguntar significan cosas distintas: pedir se usa para solicitar algo material o una acción, mientras que preguntar se usa para formular una pregunta o solicitar información;Ask covers two different meanings: one is to request something or ask for a favor, while the other is to pose a question or seek information
Llevar y traer indican movimiento de objetos o personas, pero llevar implica alejarse del hablante mientras que traer implica acercarse al hablante;Take and bring both indicate movement of objects or people, but take implies moving away from the speaker whereas bring implies moving toward the speaker
Grande y gran tienen el mismo origen pero usos distintos: grande se usa después del sustantivo y se refiere al tamaño físico, mientras que gran se usa antes del sustantivo y connota grandeza o importancia;Great and big share a similar area of meaning but differ in nuance: big refers to physical size, while great suggests importance, excellence, or remarkable quality
Rápido y veloz describen velocidad, pero rápido es de uso general y cotidiano, mientras que veloz tiene un matiz más literario o enfático y suele referirse a movimientos muy intensos;Fast and swift both describe speed, but fast is the common everyday word, while swift carries a more literary or emphatic tone and often suggests smooth, effortless movement
Miedo y temor se refieren al mismo sentimiento, pero miedo es la palabra cotidiana y directa, mientras que temor tiene un registro más formal o literario y puede implicar una preocupación más profunda;Fear and dread both refer to the same emotion, but fear is the common everyday word, while dread implies a deeper, more persistent sense of anxiety or apprehension
Alegría y felicidad expresan emociones positivas, pero alegría es una sensación intensa y momentánea de júbilo, mientras que felicidad describe un estado de bienestar más duradero y profundo;Joy and happiness both express positive emotions, but joy is an intense and often momentary feeling of delight, while happiness describes a more lasting and general state of well-being
Trabajo y empleo se relacionan con la actividad laboral, pero trabajo es el término general que abarca cualquier esfuerzo o tarea, mientras que empleo se refiere específicamente a un puesto remunerado dentro de una organización;Work and job are both related to labor, but work is the general term for any effort or task, while job refers specifically to a paid position within an organization
Inteligente y listo describen capacidad mental, pero inteligente alude a una capacidad cognitiva profunda y general, mientras que listo sugiere rapidez de pensamiento, astucia o habilidad práctica;Intelligent and clever both describe mental ability, but intelligent refers to deep and broad cognitive capacity, while clever suggests quickness of thought, wit, or practical skill
Hablar y decir implican comunicación verbal, pero hablar se refiere al acto general de expresarse oralmente, mientras que decir se centra en el contenido concreto de lo que se comunica;Speak and say both involve verbal communication, but speak refers to the general act of expressing oneself orally, while say focuses on the specific content of what is communicated
Caminar y andar describen el desplazamiento a pie, pero caminar enfatiza el movimiento físico paso a paso, mientras que andar tiene un sentido más amplio que puede incluir el funcionamiento de mecanismos o el transcurso de situaciones;Walk and wander both describe movement on foot, but walk emphasizes purposeful step-by-step motion, while wander suggests moving without a fixed destination or in an aimless manner
Terminar y acabar son sinónimos frecuentes, pero terminar suele usarse en contextos más formales o cuando se completa algo de forma ordenada, mientras que acabar es más coloquial y puede implicar agotamiento o consumo total;Finish and end are close synonyms, but finish often implies completing something thoroughly or successfully, while end simply marks the point at which something stops, without implying completion or success
Pensar y creer expresan actividad mental, pero pensar se refiere al proceso de razonar o reflexionar, mientras que creer implica tener una opinión o convicción sin necesidad de pruebas concluyentes;Think and believe both express mental activity, but think refers to the process of reasoning or reflecting, while believe implies holding an opinion or conviction without necessarily requiring conclusive proof
Ganar y obtener describen la adquisición de algo, pero ganar implica un esfuerzo, competencia o mérito, mientras que obtener es más neutro y se refiere simplemente a conseguir algo sin énfasis en el proceso;Win and obtain both describe acquiring something, but win implies effort, competition, or merit, while obtain is more neutral and simply means to get or secure something without emphasis on the process
Raro y extraño describen algo fuera de lo común, pero raro suele referirse a algo poco frecuente o escaso, mientras que extraño enfatiza que algo resulta ajeno, incomprensible o difícil de explicar;Rare and strange both describe something out of the ordinary, but rare refers to something uncommon or infrequent, while strange emphasizes that something feels foreign, puzzling, or difficult to explain
Libre y gratuito se confunden con frecuencia: libre se refiere a la ausencia de restricciones o a la libertad personal, mientras que gratuito indica que algo no tiene costo económico;Free in English covers two distinct meanings: one refers to the absence of restrictions or personal liberty, while the other indicates that something has no monetary cost
Recordar y acordarse expresan el acto de traer algo a la memoria, pero recordar es más formal y puede usarse de forma transitiva, mientras que acordarse es más coloquial y siempre se construye con la preposición de;Remember and recall both express the act of bringing something back to mind, but remember is the common everyday term, while recall is slightly more formal and often implies a deliberate effort to retrieve a specific memory
Dormir y descansar describen estados de reposo, pero dormir se refiere específicamente al acto de conciliar el sueño, mientras que descansar es más amplio e incluye cualquier pausa para recuperar energías;Sleep and rest both describe states of recovery, but sleep refers specifically to the unconscious state of slumber, while rest is broader and includes any pause taken to recover energy
Comprar y adquirir expresan la obtención de algo, pero comprar implica siempre una transacción económica, mientras que adquirir es más formal y puede referirse a obtener algo por cualquier medio, no necesariamente pagando;Buy and acquire both express obtaining something, but buy always implies a financial transaction, while acquire is more formal and can refer to obtaining something by any means, not necessarily through payment
Bonito y hermoso describen cualidades estéticas, pero bonito sugiere algo agradable y de atractivo moderado, mientras que hermoso connota una belleza más intensa, profunda o que genera admiración;Pretty and beautiful both describe aesthetic qualities, but pretty suggests something pleasant and moderately attractive, while beautiful conveys a deeper, more striking or admirable kind of beauty
Cansado y agotado expresan falta de energía, pero cansado describe un nivel moderado de fatiga, mientras que agotado implica un desgaste total, tanto físico como mental, sin reservas de energía;Tired and exhausted both express a lack of energy, but tired describes a moderate level of fatigue, while exhausted implies a complete physical or mental depletion with no energy reserves remaining
Viejo y antiguo describen algo de mucha edad, pero viejo se aplica generalmente a personas o cosas desgastadas por el tiempo, mientras que antiguo connota valor histórico, tradición o pertenencia a una época pasada;Old and ancient both describe something of great age, but old is generally applied to people or worn things, while ancient connotes historical value, tradition, or belonging to a distant past era
Querer y amar expresan afecto, pero querer es un sentimiento amplio que abarca el cariño hacia personas, cosas o deseos, mientras que amar implica un sentimiento más profundo, intenso y comprometido;Like and love both express affection, but like describes a general feeling of fondness toward people or things, while love implies a deeper, more intense and committed emotional bond
Mirar y observar implican el uso de la vista, pero mirar es simplemente dirigir la vista hacia algo, mientras que observar supone prestar atención detallada y analítica a lo que se contempla;Look and observe both involve the use of sight, but look simply means directing your eyes toward something, while observe implies paying careful, analytical attention to what is being seen
Enfadado y furioso describen estados de ira, pero enfadado indica un enojo moderado y pasajero, mientras que furioso expresa una ira intensa, desbordante y difícil de controlar;Angry and furious both describe states of anger, but angry indicates a moderate and often passing irritation, while furious expresses an intense, overwhelming rage that is difficult to control
Empezar y comenzar son prácticamente sinónimos, pero empezar es más coloquial y de uso cotidiano, mientras que comenzar tiene un registro ligeramente más formal y se prefiere en contextos escritos o solemnes;Start and begin are near synonyms, but start is more colloquial and common in everyday speech, while begin carries a slightly more formal tone and is often preferred in written or ceremonial contexts
Lindo y bello describen algo de aspecto agradable, pero lindo tiene un matiz de ternura o encanto suave, especialmente al referirse a personas o animales, mientras que bello evoca una belleza más elevada, armoniosa o de carácter artístico;Cute and lovely both describe something pleasing in appearance, but cute suggests a charming, endearing quality often applied to small or young things, while lovely conveys a more refined, graceful, or warmly appealing kind of beauty
Subir y ascender describen un movimiento hacia arriba, pero subir es el término cotidiano y directo, mientras que ascender tiene un registro más formal y puede implicar progreso social o profesional además del movimiento físico;Go up and ascend both describe upward movement, but go up is the common everyday expression, while ascend carries a more formal tone and can also imply social or professional advancement beyond physical movement
Bajar y descender describen un movimiento hacia abajo, pero bajar es el término coloquial de uso general, mientras que descender es más formal y puede referirse también a la procedencia o linaje de una persona;Go down and descend both describe downward movement, but go down is the common informal expression, while descend is more formal and can also refer to a person's origin or lineage
Triste y melancólico describen estados de ánimo negativos, pero triste es la palabra general para expresar pena o aflicción, mientras que melancólico connota una tristeza más profunda, reflexiva y persistente, a menudo sin una causa concreta;Sad and melancholic both describe negative emotional states, but sad is the general word for sorrow or unhappiness, while melancholic connotes a deeper, more reflective and lingering sadness, often without a specific cause
Valiente y audaz describen a alguien que no teme el peligro, pero valiente implica enfrentar el miedo con firmeza y determinación, mientras que audaz sugiere atrevimiento, iniciativa y disposición a asumir riesgos;Brave and bold both describe someone unafraid of danger, but brave implies facing fear with firmness and determination, while bold suggests daring, initiative, and a willingness to take risks
Silencioso y callado describen la ausencia de sonido o habla, pero silencioso se refiere a un entorno o persona que no produce ruido, mientras que callado describe específicamente a una persona que no habla o que habla poco;Silent and quiet both describe an absence of sound or speech, but silent suggests a complete or striking lack of noise, while quiet implies a low level of sound or a calm, unobtrusive manner
Delgado y flaco describen una complexión física de poco volumen corporal, pero delgado tiene una connotación neutra o positiva, mientras que flaco puede percibirse como negativo al sugerir una delgadez excesiva o falta de peso;Slim and skinny both describe a lean body type, but slim carries a neutral or positive connotation suggesting a trim figure, while skinny can be perceived negatively as it implies excessive thinness or insufficient body weight
Seguro y cierto expresan convicción o ausencia de duda, pero seguro se refiere a la confianza personal en algo o a la ausencia de peligro, mientras que cierto indica que algo es verdadero o confirmado como un hecho;Sure and certain both express conviction or absence of doubt, but sure reflects personal confidence or a feeling of assurance, while certain implies that something is established as true or confirmed as a fact
Ayudar y colaborar implican asistencia, pero ayudar se refiere a prestar apoyo a alguien que lo necesita, mientras que colaborar implica trabajar conjuntamente con otros hacia un objetivo común en condiciones de igualdad;Help and collaborate both involve assistance, but help means providing support to someone who needs it, while collaborate implies working jointly with others toward a shared goal on equal terms
Intentar y esforzarse describen el acto de procurar lograr algo, pero intentar se centra en el hecho de hacer un intento sin garantía de éxito, mientras que esforzarse enfatiza la dedicación y el empeño puesto en la tarea;Try and strive both describe attempting to achieve something, but try focuses on making an attempt without implying a guaranteed outcome, while strive emphasizes sustained dedication and determined effort toward a goal
Necesitar y requerir expresan la falta de algo indispensable, pero necesitar es el término cotidiano que refleja una carencia personal o práctica, mientras que requerir es más formal y suele usarse en contextos técnicos, legales o institucionales;Need and require both express the lack of something essential, but need is the everyday term reflecting a personal or practical lack, while require is more formal and is typically used in technical, legal, or institutional contexts
Comer y devorar describen el acto de ingerir alimentos, pero comer es el término neutro y cotidiano, mientras que devorar implica hacerlo con gran rapidez, voracidad o intensidad, a veces con connotación animal o metafórica;Eat and devour both describe the act of consuming food, but eat is the neutral everyday term, while devour implies doing so with great speed, voracity, or intensity, sometimes carrying an animalistic or metaphorical connotation
Construir y edificar describen el acto de levantar una estructura, pero construir es el término general aplicable a cualquier tipo de obra o proyecto, mientras que edificar tiene un uso más formal y puede referirse también al desarrollo moral o espiritual de una persona;Build and erect both describe the act of raising a structure, but build is the general term applicable to any kind of project or construction, while erect is more formal and typically refers to putting something upright in a deliberate and structured manner
Romper y destrozar describen el acto de dañar algo hasta inutilizarlo, pero romper implica dividir o fracturar algo en partes, mientras que destrozar sugiere un daño mucho más severo, total e irreparable;Break and shatter both describe damaging something beyond use, but break implies splitting or fracturing something into parts, while shatter suggests a far more violent and complete destruction, often into many small fragments
Cerrar y clausurar describen el acto de impedir el acceso o el funcionamiento de algo, pero cerrar es el término general de uso cotidiano, mientras que clausurar es más formal y se aplica especialmente al cierre definitivo o oficial de un establecimiento o evento;Close and shut down both describe preventing access or stopping operation, but close is the general everyday term, while shut down is more emphatic and typically refers to the definitive or official cessation of an establishment or operation
Limpiar y purificar describen la eliminación de suciedad o impurezas, pero limpiar es el término cotidiano que se aplica a superficies o espacios físicos, mientras que purificar tiene un sentido más profundo y puede referirse a la eliminación de contaminantes, toxinas o impurezas de carácter simbólico o espiritual;Clean and purify both describe the removal of dirt or impurities, but clean is the everyday term applied to physical surfaces or spaces, while purify implies a deeper process of removing contaminants or impurities, often with a symbolic, chemical, or spiritual dimension
Esperar y aguardar expresan la acción de permanecer hasta que algo ocurra, pero esperar es el término cotidiano que también puede significar tener esperanza, mientras que aguardar es más formal y se centra exclusivamente en la espera activa de algo o alguien;Wait and await both express remaining until something happens, but wait is the common everyday word that can also carry a sense of hope or expectation, while await is more formal and focuses exclusively on the active anticipation of something or someone
Mostrar y exhibir describen el acto de hacer algo visible, pero mostrar es el término general y directo que implica enseñar algo a alguien, mientras que exhibir tiene un matiz más público o deliberado y puede connotar ostentación o presentación formal;Show and exhibit both describe making something visible, but show is the general and direct term implying presenting something to someone, while exhibit carries a more public or deliberate nuance and can connote formal presentation or ostentatious display
Habitual y frecuente describen algo que ocurre con regularidad, pero habitual implica que algo forma parte de una costumbre o rutina establecida, mientras que frecuente simplemente indica que algo sucede muchas veces sin necesariamente ser parte de un hábito;Habitual and frequent both describe something that occurs regularly, but habitual implies that something is part of an established custom or routine, while frequent simply indicates that something happens many times without necessarily being part of a habit
Pequeño y diminuto describen un tamaño reducido, pero pequeño es el término general para algo de dimensiones menores a lo normal, mientras que diminuto enfatiza un tamaño extremadamente reducido, casi insignificante;Small and tiny both describe a reduced size, but small is the general term for something below normal dimensions, while tiny emphasizes an extremely reduced size, often suggesting something almost insignificantly small
Oscuro y tenebroso describen la ausencia o escasez de luz, pero oscuro es el término neutro y descriptivo de uso cotidiano, mientras que tenebroso añade una connotación de misterio, amenaza o inquietud que va más allá de la simple falta de luz;Dark and gloomy both describe an absence or scarcity of light, but dark is the neutral descriptive everyday term, while gloomy adds a connotation of mystery, threat, or unease that goes beyond the simple lack of light
Elegir y seleccionar describen el acto de escoger entre varias opciones, pero elegir es el término cotidiano que implica una decisión personal y libre, mientras que seleccionar sugiere un proceso más metódico y criterioso, a menudo basado en requisitos específicos;Choose and select both describe picking from among options, but choose is the everyday term implying a personal and free decision, while select suggests a more methodical and criteria-based process, often guided by specific requirements
Cambiarse y mudarse describen un tipo de cambio, pero cambiarse se refiere a modificar algo puntual como la ropa o una actitud, mientras que mudarse implica un cambio de residencia o lugar de vida de forma permanente o prolongada;Change and move both describe a type of transition, but change refers to altering something specific such as clothes or an attitude, while move implies relocating one's residence or place of living on a permanent or extended basis
Brillante y resplandeciente describen la emisión o reflexión de luz, pero brillante es el término general que también se usa para describir inteligencia o talento destacado, mientras que resplandeciente enfatiza una luminosidad intensa, deslumbrante y llamativa;Bright and radiant both describe the emission or reflection of light, but bright is the general term also used to describe outstanding intelligence or talent, while radiant emphasizes an intense, dazzling, and striking luminosity
Duro y rígido describen resistencia física, pero duro se refiere a la firmeza de una superficie o material ante la presión, mientras que rígido implica inflexibilidad, es decir, la incapacidad de doblarse o adaptarse sin romperse;Hard and rigid both describe physical resistance, but hard refers to the firmness of a surface or material under pressure, while rigid implies inflexibility, meaning the inability to bend or adapt without breaking
Callar y silenciar describen la supresión del sonido o la voz, pero callar se refiere al acto de dejar de hablar o no emitir sonido, mientras que silenciar implica hacer que otro deje de hablar o suprimir activamente un sonido o una opinión;Be quiet and silence both describe the suppression of sound or speech, but be quiet refers to the act of stopping speaking or not making noise, while silence implies actively making someone else stop speaking or suppressing a sound or opinion
Juntar y unir describen la acción de poner cosas o personas en conjunto, pero juntar es el término más coloquial que implica simplemente reunir elementos, mientras que unir connota una conexión más firme, permanente o significativa entre las partes;Gather and unite both describe bringing things or people together, but gather is the more informal term implying simply collecting elements in one place, while unite connotes a stronger, more permanent or meaningful connection between the parts
Llorar y sollozar describen la expresión de llanto, pero llorar es el término general para derramar lágrimas con o sin sonido, mientras que sollozar implica un llanto entrecortado, convulsivo y generalmente más intenso emocionalmente;Cry and sob both describe the expression of weeping, but cry is the general term for shedding tears with or without sound, while sob implies a broken, convulsive kind of weeping that is generally more emotionally intense
Amplio y espacioso describen un lugar o espacio de grandes dimensiones, pero amplio puede referirse tanto a espacios físicos como a conceptos abstractos como conocimientos o criterios, mientras que espacioso se aplica exclusivamente a lugares físicos que ofrecen abundante espacio para moverse;Wide and spacious both describe something of large dimensions, but wide can refer to both physical spaces and abstract concepts such as knowledge or criteria, while spacious applies exclusively to physical places that offer ample room to move around
Peligroso y arriesgado describen situaciones que implican un posible daño, pero peligroso se refiere a algo que representa una amenaza real e inherente, mientras que arriesgado describe una acción o decisión que expone voluntariamente a alguien a la posibilidad de un resultado negativo;Dangerous and risky both describe situations involving possible harm, but dangerous refers to something that poses a real and inherent threat, while risky describes an action or decision that voluntarily exposes someone to the possibility of a negative outcome
Antiguo y obsoleto describen algo que pertenece al pasado, pero antiguo connota valor histórico o tradición y no implica necesariamente inutilidad, mientras que obsoleto indica que algo ha quedado desfasado y ya no resulta útil o adecuado para el presente;Antique and obsolete both describe something belonging to the past, but antique connotes historical value or tradition and does not necessarily imply uselessness, while obsolete indicates that something has become outdated and is no longer useful or suitable for present needs
Correr y huir describen un desplazamiento rápido, pero correr es el término neutro que describe el movimiento acelerado a pie sin implicar una causa, mientras que huir connota escapar de algo o alguien de forma urgente, motivado por el miedo o la necesidad de evitar un peligro;Run and flee both describe rapid movement, but run is the neutral term for fast movement on foot without implying a cause, while flee connotes escaping from something or someone urgently, driven by fear or the need to avoid danger
Aconsejar y advertir implican comunicar algo a alguien para orientar su conducta, pero aconsejar supone ofrecer una recomendación positiva para guiar una decisión, mientras que advertir implica alertar sobre un riesgo, consecuencia negativa o peligro potencial;Advise and warn both involve communicating something to guide someone's behavior, but advise means offering a positive recommendation to guide a decision, while warn implies alerting someone about a risk, negative consequence, or potential danger
Esconder y ocultar describen el acto de hacer algo invisible o inaccesible, pero esconder es el término coloquial que implica poner algo fuera de la vista de forma física, mientras que ocultar tiene un uso más amplio y puede referirse también a disimular información, sentimientos o intenciones;Hide and conceal both describe making something invisible or inaccessible, but hide is the common term implying physically putting something out of sight, while conceal has a broader use and can also refer to disguising information, feelings, or intentions
Frío y gélido describen temperaturas bajas, pero frío es el término general para una temperatura inferior a la agradable, mientras que gélido enfatiza un frío extremo, penetrante e intenso que produce una sensación de congelamiento;Cold and freezing both describe low temperatures, but cold is the general term for a temperature below what is comfortable, while freezing emphasizes an extreme, penetrating, and intense cold that produces a sensation of being frozen
Ordenado y meticuloso describen una forma de hacer las cosas con cuidado, pero ordenado se refiere a mantener las cosas en su lugar y con una organización visible, mientras que meticuloso implica una atención extrema al detalle y una precisión minuciosa en cada paso del proceso;Tidy and meticulous both describe a careful way of doing things, but tidy refers to keeping things in their place with visible organization, while meticulous implies extreme attention to detail and thorough precision in every step of the process
Crecer y desarrollarse describen un proceso de aumento o evolución, pero crecer se refiere principalmente al aumento físico en tamaño o cantidad, mientras que desarrollarse implica un proceso más complejo de maduración, mejora o expansión de capacidades;Grow and develop both describe a process of increase or evolution, but grow refers primarily to a physical increase in size or quantity, while develop implies a more complex process of maturation, improvement, or expansion of capabilities
Perder y extraviar describen la situación de no encontrar algo, pero perder es el término general que puede referirse tanto a objetos como a competiciones o personas, mientras que extraviar se usa específicamente para objetos o personas que se han perdido sin saber dónde están;Lose and misplace both describe the situation of not finding something, but lose is the general term that can refer to objects, competitions, or people, while misplace refers specifically to having put something in the wrong place so that it cannot be found
Tranquilo y sereno describen un estado de calma, pero tranquilo indica la ausencia de agitación o ruido en una persona o entorno, mientras que sereno connota una calma más profunda e interior, asociada a la ecuanimidad y el equilibrio emocional;Calm and serene both describe a state of tranquility, but calm indicates the absence of agitation or noise in a person or environment, while serene connotes a deeper, inner stillness associated with composure and emotional balance
Famoso y célebre describen a alguien o algo ampliamente conocido, pero famoso es el término cotidiano que simplemente indica notoriedad pública, mientras que célebre tiene un registro más formal y suele implicar reconocimiento por logros o cualidades destacadas;Famous and renowned both describe someone or something widely known, but famous is the everyday term simply indicating public notoriety, while renowned carries a more formal tone and typically implies recognition for outstanding achievements or qualities
Débil y frágil describen una falta de resistencia, pero débil se refiere a la falta de fuerza física, energía o poder en general, mientras que frágil implica que algo o alguien se rompe o daña con facilidad ante un impacto o presión mínima;Weak and fragile both describe a lack of resistance, but weak refers to a lack of physical strength, energy, or power in general, while fragile implies that something or someone breaks or is damaged easily under minimal impact or pressure
Amar y adorar expresan sentimientos de afecto intenso, pero amar implica un vínculo profundo y duradero hacia una persona, mientras que adorar puede referirse tanto a una devoción religiosa como a un cariño extremo hacia personas, cosas o actividades con un matiz más apasionado o exagerado;Love and adore both express feelings of intense affection, but love implies a deep and lasting bond toward a person, while adore can refer to both religious devotion and an extreme fondness for people, things, or activities with a more passionate or emphatic nuance
Mirar y contemplar implican dirigir la vista hacia algo, pero mirar es el acto cotidiano de fijar la vista en algo sin necesidad de reflexión, mientras que contemplar supone una observación prolongada, atenta y a menudo acompañada de reflexión o admiración profunda;Look and contemplate both involve directing one's gaze at something, but look is the everyday act of fixing one's eyes on something without requiring reflection, while contemplate implies a prolonged, attentive observation often accompanied by deep thought or admiration
Habitual y rutinario describen algo que se repite con regularidad, pero habitual se refiere a lo que forma parte de las costumbres de una persona sin connotación negativa, mientras que rutinario puede implicar una repetición monótona y carente de variedad o estímulo;Habitual and routine both describe something that repeats regularly, but habitual refers to what forms part of a person's customs without negative connotation, while routine can imply a monotonous repetition lacking variety or stimulation
Sufrir y padecer describen la experiencia de un dolor o dificultad, pero sufrir es el término general que abarca tanto el dolor físico como el emocional, mientras que padecer tiene un registro más formal y suele referirse a enfermedades, condiciones crónicas o situaciones prolongadas;Suffer and endure both describe the experience of pain or hardship, but suffer is the general term covering both physical and emotional pain, while endure implies bearing something difficult over a prolonged period with patience and resilience
Lento y pausado describen una velocidad reducida, pero lento es el término neutro que indica una velocidad inferior a la normal, mientras que pausado connota una lentitud deliberada, reflexiva y controlada, a menudo asociada a la calma o la precisión;Slow and unhurried both describe a reduced pace, but slow is the neutral term indicating a speed below normal, while unhurried connotes a deliberate, reflective, and controlled slowness, often associated with calmness or careful precision
Extranjero y foráneo describen a alguien o algo que proviene de otro país, pero extranjero es el término cotidiano y directo para referirse a personas o cosas de otra nación, mientras que foráneo tiene un registro más formal y se usa frecuentemente para referirse a influencias, elementos o prácticas externas;Foreign and alien both describe someone or something from another country, but foreign is the common and direct term for people or things from another nation, while alien carries a more formal or technical tone and can also imply something fundamentally strange or incompatible with the local context
Proponer y sugerir describen el acto de presentar una idea para su consideración, pero proponer implica plantear algo de forma más formal y con intención de que sea aceptado o debatido, mientras que sugerir es más informal y deja mayor libertad al interlocutor para aceptar o rechazar la idea;Propose and suggest both describe presenting an idea for consideration, but propose implies putting something forward more formally with the intention of having it accepted or debated, while suggest is more informal and leaves the other person greater freedom to accept or reject the idea
Curioso y entrometido describen el interés por conocer lo que ocurre, pero curioso connota un interés genuino y positivo por aprender o descubrir, mientras que entrometido implica una intromisión indebida en asuntos ajenos que no le corresponden a quien pregunta;Curious and nosy both describe an interest in knowing what is happening, but curious connotes a genuine and positive interest in learning or discovering, while nosy implies an undue intrusion into other people's affairs that are not the concern of the person asking
Caliente y ardiente describen temperaturas o sensaciones elevadas, pero caliente es el término general para algo que tiene una temperatura superior a la normal, mientras que ardiente implica un calor extremo o intenso y puede usarse también en sentido figurado para expresar pasión o fervor;Hot and burning both describe elevated temperatures or sensations, but hot is the general term for something with a temperature above normal, while burning implies extreme or intense heat and can also be used figuratively to express passion or fervor
Gracioso y cómico describen algo que provoca risa, pero gracioso se refiere a algo o alguien que resulta divertido de forma natural y espontánea, mientras que cómico tiene un matiz más deliberado y puede referirse a algo diseñado intencionalmente para provocar humor, como un personaje o una situación teatral;Funny and comic both describe something that provokes laughter, but funny refers to something or someone naturally and spontaneously amusing, while comic carries a more deliberate nuance and can refer to something intentionally designed to provoke humor, such as a character or a theatrical situation
Responder y contestar describen el acto de dar una respuesta, pero responder es el término más formal y puede implicar hacerse cargo de una responsabilidad, mientras que contestar es más coloquial y se centra exclusivamente en el acto de dar una réplica verbal o escrita;Reply and answer both describe the act of giving a response, but reply is slightly more formal and often implies responding to a specific message or communication, while answer is broader and can refer to responding to a question, a call, or a problem
Ordenar y mandar describen el acto de dar instrucciones a alguien, pero ordenar implica una instrucción formal y directa que se espera sea obedecida, mientras que mandar es más coloquial y puede connotar una actitud autoritaria o dominante en el trato con otros;Order and command both describe giving instructions to someone, but order implies a formal and direct instruction expected to be obeyed, while command suggests a position of authority and often implies control over a group or situation in a more structured context
Enfermo y doliente describen un estado de salud deteriorado, pero enfermo es el término general para alguien que padece una enfermedad o malestar físico, mientras que doliente tiene un registro más literario o formal y puede referirse también a alguien que sufre un dolor emocional o un duelo;Sick and ailing both describe a deteriorated state of health, but sick is the general everyday term for someone suffering from an illness or physical discomfort, while ailing carries a more formal or literary tone and suggests a prolonged or chronic decline in health or strength
Ahorrar y economizar describen la reducción del gasto, pero ahorrar implica guardar dinero o recursos para uso futuro, mientras que economizar se refiere a reducir el gasto de forma deliberada y planificada para hacer un uso más eficiente de los recursos disponibles;Save and economize both describe reducing expenditure, but save implies setting aside money or resources for future use, while economize refers to deliberately and carefully reducing spending in order to make more efficient use of available resources
Vencer y derrotar describen el resultado de superar a un adversario, pero vencer es el término general que implica salir victorioso en una competencia o conflicto, mientras que derrotar enfatiza la imposición de una derrota clara y contundente sobre el oponente;Beat and defeat both describe overcoming an opponent, but beat is the more informal everyday term for coming out victorious in a competition or conflict, while defeat is slightly more formal and emphasizes the decisive and conclusive nature of the victory over the opponent
Limpio y pulcro describen un estado de aseo, pero limpio es el término general que indica la ausencia de suciedad, mientras que pulcro añade un matiz de esmero, cuidado y elegancia en la presentación personal o en el orden de un espacio;Clean and immaculate both describe a state of cleanliness, but clean is the general term indicating the absence of dirt, while immaculate adds a nuance of exceptional care and flawlessness, suggesting that not even the slightest trace of dirt or disorder is present
Imaginar y fantasear describen la actividad mental de crear imágenes o escenarios mentales, pero imaginar es el término general para representarse algo en la mente, mientras que fantasear implica dejarse llevar por ensoñaciones placenteras o irreales, a menudo desconectadas de la realidad;Imagine and daydream both describe the mental activity of creating images or scenarios in the mind, but imagine is the general term for picturing something mentally, while daydream implies drifting into pleasant or unrealistic reveries, often disconnected from the present reality
Respetar y venerar describen actitudes de consideración hacia algo o alguien, pero respetar implica reconocer el valor o los derechos de alguien y actuar en consecuencia, mientras que venerar connota una admiración profunda y casi reverencial, propia de figuras de gran autoridad moral, religiosa o histórica;Respect and revere both describe attitudes of regard toward something or someone, but respect implies recognizing someone's value or rights and acting accordingly, while revere connotes a deep and almost reverential admiration, typically reserved for figures of great moral, religious, or historical authority
Urgente y apremiante describen algo que requiere atención inmediata, pero urgente es el término cotidiano para algo que no puede esperar y debe atenderse de inmediato, mientras que apremiante tiene un registro más formal y enfatiza la presión o la compulsión que ejerce la situación sobre quien debe actuar;Urgent and pressing both describe something requiring immediate attention, but urgent is the everyday term for something that cannot wait and must be addressed right away, while pressing carries a slightly more formal tone and emphasizes the pressure or compulsion that the situation exerts on those who must act
Mezclar y combinar describen la unión de elementos distintos, pero mezclar implica unir cosas de forma que sus componentes no siempre quedan claramente diferenciados, mientras que combinar sugiere una unión más deliberada y armoniosa en la que los elementos se complementan para lograr un resultado específico;Mix and combine both describe joining different elements together, but mix implies uniting things in a way where the components are not always clearly distinguishable, while combine suggests a more deliberate and harmonious union in which the elements complement each other to achieve a specific result
Enviar y entregar describen el acto de hacer llegar algo a alguien, pero enviar se refiere al acto de despachar algo desde un punto de origen sin implicar que el emisor lo lleve personalmente, mientras que entregar implica poner algo directamente en manos del destinatario;Send and deliver both describe making something reach someone, but send refers to dispatching something from a point of origin without implying the sender carries it personally, while deliver implies placing something directly into the hands of the recipient
Justo y equitativo describen un trato o distribución correctos, pero justo se refiere a actuar conforme a lo que es correcto o merecido según las normas morales o legales, mientras que equitativo enfatiza la distribución proporcional y equilibrada entre las partes implicadas;Fair and equitable both describe correct treatment or distribution, but fair refers to acting in accordance with what is right or deserved according to moral or legal standards, while equitable emphasizes proportional and balanced distribution among all parties involved
Proteger y defender describen acciones para evitar un daño, pero proteger implica resguardar a alguien o algo de un peligro de forma preventiva, mientras que defender supone hacer frente activamente a una amenaza o ataque que ya se está produciendo;Protect and defend both describe actions to prevent harm, but protect implies shielding someone or something from danger in a preventive way, while defend suggests actively confronting a threat or attack that is already taking place
Dudar y vacilar describen la falta de certeza o decisión, pero dudar implica no estar seguro de la veracidad de algo o de la conveniencia de una acción, mientras que vacilar enfatiza la indecisión en el momento de actuar, con una sensación de titubeo o falta de firmeza;Doubt and hesitate both describe a lack of certainty or decision, but doubt implies being unsure about the truth of something or the advisability of an action, while hesitate emphasizes indecision at the moment of acting, with a sense of wavering or lack of resolve
Alegre y jovial describen un estado de ánimo positivo y animado, pero alegre es el término general para alguien que muestra satisfacción o buen humor, mientras que jovial connota una personalidad abierta, sociable y con tendencia a la risa y al buen trato con los demás;Cheerful and jovial both describe a positive and lively mood, but cheerful is the general term for someone showing contentment or good humor, while jovial connotes an open, sociable personality with a natural tendency toward laughter and warm interaction with others
Escuchar y atender implican recibir información de otra persona, pero escuchar se refiere al acto de percibir y procesar lo que alguien dice, mientras que atender añade el matiz de responder activamente a las necesidades o requerimientos de quien habla;Listen and attend both involve receiving information from another person, but listen refers to the act of perceiving and processing what someone says, while attend adds the nuance of actively responding to the needs or requests of the person speaking
Cuidar y proteger describen acciones orientadas al bienestar de alguien, pero cuidar implica dedicar atención y esfuerzo continuo para mantener el bienestar de una persona o cosa, mientras que proteger se centra en evitar que un daño externo llegue a afectarla;Care for and protect both describe actions oriented toward someone's well-being, but care for implies dedicating continuous attention and effort to maintain the well-being of a person or thing, while protect focuses on preventing external harm from reaching them
Preciso y exacto describen un alto grado de corrección o ajuste, pero preciso se refiere a la claridad y concisión con que se expresa o ejecuta algo, mientras que exacto implica una correspondencia perfecta con la realidad, sin margen de error ni desviación;Precise and exact both describe a high degree of correctness or accuracy, but precise refers to the clarity and conciseness with which something is expressed or executed, while exact implies a perfect correspondence with reality, leaving no margin for error or deviation
Rogar y suplicar describen el acto de pedir algo con insistencia, pero rogar implica una petición respetuosa y emotiva dirigida a alguien con autoridad o capacidad de conceder lo pedido, mientras que suplicar connota una petición más desesperada, humilde e intensa, a menudo en una situación de gran necesidad;Beg and implore both describe asking for something insistently, but beg implies a respectful and emotional request directed at someone with authority or the ability to grant what is asked, while implore connotes a more desperate, humble, and intense plea, often made in a situation of great need
Sabio y culto describen a una persona con un alto nivel de conocimiento, pero sabio implica no solo conocimiento sino también la capacidad de aplicarlo con juicio, prudencia y experiencia, mientras que culto se refiere a alguien con una amplia formación intelectual y artística adquirida a través del estudio;Wise and learned both describe a person with a high level of knowledge, but wise implies not only knowledge but also the ability to apply it with judgment, prudence, and experience, while learned refers to someone with broad intellectual and artistic formation acquired through study and education
Narrar y relatar describen el acto de contar algo, pero narrar implica una exposición más estructurada y literaria de hechos o historias, mientras que relatar es más neutro y se usa para referirse a la descripción detallada de eventos reales o vividos;Narrate and recount both describe the act of telling something, but narrate implies a more structured and literary presentation of events or stories, while recount is more neutral and refers to describing real or experienced events in detail
Antiguo y viejo se usan para describir edad, pero en el contexto de objetos antiguo sugiere valor histórico o coleccionable, mientras que viejo simplemente indica que algo lleva mucho tiempo en uso y puede estar deteriorado;Antique and old both describe age, but in the context of objects antique suggests historical or collectible value, while old simply indicates that something has been in use for a long time and may be worn or deteriorated
Asustado y aterrorizado describen el miedo que siente una persona, pero asustado indica un susto puntual o un temor moderado ante algo inesperado, mientras que aterrorizado expresa un miedo extremo, paralizante e intenso que desborda la capacidad de reacción;Scared and terrified both describe the fear a person feels, but scared indicates a sudden fright or moderate fear in response to something unexpected, while terrified expresses an extreme, paralyzing, and overwhelming fear that exceeds one's capacity to react
Aprender y estudiar describen procesos relacionados con la adquisición de conocimiento, pero aprender se refiere al resultado de incorporar nuevos conocimientos o habilidades, mientras que estudiar es la actividad deliberada y sistemática que se realiza para lograr ese aprendizaje;Learn and study both relate to the acquisition of knowledge, but learn refers to the outcome of incorporating new knowledge or skills, while study is the deliberate and systematic activity carried out in order to achieve that learning
Discutir y debatir describen el intercambio de opiniones entre personas, pero discutir puede implicar un enfrentamiento emocional o una disputa, mientras que debatir connota un intercambio más ordenado, racional y respetuoso de argumentos sobre un tema;Argue and debate both describe the exchange of opinions between people, but argue can imply an emotional confrontation or dispute, while debate connotes a more orderly, rational, and respectful exchange of arguments on a given topic
Ancho y grueso describen dimensiones físicas, pero ancho se refiere a la extensión horizontal de una superficie o espacio, mientras que grueso describe el espesor o la dimensión de un objeto medida de un lado al otro en su parte más estrecha;Wide and thick both describe physical dimensions, but wide refers to the horizontal extent of a surface or space, while thick describes the depth or measurement of an object from one side to the other at its narrowest point
Pausar y detener describen la interrupción de una acción, pero pausar implica una interrupción temporal con intención de continuar después, mientras que detener implica una parada más definitiva o prolongada que no necesariamente tiene continuación inmediata;Pause and stop both describe the interruption of an action, but pause implies a temporary interruption with the intention of continuing afterward, while stop implies a more definitive or prolonged halt that does not necessarily have an immediate continuation
Aceptar y tolerar describen actitudes ante algo que no se puede cambiar, pero aceptar implica una disposición genuina y positiva hacia algo, mientras que tolerar connota una actitud de resignación o paciencia ante algo que no se aprueba del todo pero que se soporta;Accept and tolerate both describe attitudes toward something that cannot be changed, but accept implies a genuine and positive disposition toward something, while tolerate connotes an attitude of resignation or patience toward something not fully approved of but endured nonetheless
Cercano y próximo describen una distancia reducida, pero cercano es el término cotidiano para referirse a algo que está a poca distancia en el espacio o en el tiempo, mientras que próximo tiene un uso más formal y puede referirse también a lo que está a punto de ocurrir;Near and close both describe a short distance, but near is the everyday term for something at a short distance in space or time, while close carries a slightly warmer or more intimate connotation and can also suggest a strong personal or emotional connection
Gastar y derrochar describen el uso del dinero o los recursos, pero gastar es el término neutro para hacer uso de dinero en compras o necesidades, mientras que derrochar implica un gasto excesivo, irresponsable y sin control que supera lo razonable o necesario;Spend and squander both describe the use of money or resources, but spend is the neutral term for using money on purchases or needs, while squander implies excessive, irresponsible, and uncontrolled expenditure that goes well beyond what is reasonable or necessary
Lanzar y arrojar describen el acto de impulsar algo por el aire, pero lanzar implica un movimiento controlado y con dirección definida, como en deportes o en el lanzamiento de un producto, mientras que arrojar connota un movimiento más brusco, violento o descuidado;Throw and hurl both describe propelling something through the air, but throw implies a controlled movement with a defined direction, as in sports or launching something, while hurl connotes a more forceful, violent, or reckless motion
Copiar y imitar describen la reproducción del comportamiento o la obra de otro, pero copiar implica reproducir algo de forma exacta o casi idéntica, mientras que imitar supone reproducir el estilo, los gestos o las características de alguien sin necesariamente ser una copia fiel;Copy and imitate both describe reproducing someone else's behavior or work, but copy implies reproducing something exactly or nearly identically, while imitate means reproducing someone's style, gestures, or characteristics without necessarily being a faithful reproduction
Orgulloso y arrogante describen una actitud de superioridad, pero orgulloso connota una satisfacción legítima por los propios logros o los de los seres queridos, mientras que arrogante implica una soberbia excesiva y un desprecio hacia los demás basado en una percepción inflada de uno mismo;Proud and arrogant both describe an attitude of superiority, but proud connotes a legitimate satisfaction in one's own achievements or those of loved ones, while arrogant implies excessive haughtiness and a dismissive attitude toward others based on an inflated self-perception
Escaso y insuficiente describen una cantidad menor a la necesaria, pero escaso se refiere a algo que existe en poca cantidad o que es difícil de encontrar, mientras que insuficiente indica que la cantidad disponible no alcanza para cubrir una necesidad o requisito concreto;Scarce and insufficient both describe a quantity below what is needed, but scarce refers to something that exists in small amounts or is hard to find, while insufficient indicates that the available quantity does not meet a specific need or requirement
Firme y sólido describen estabilidad o resistencia, pero firme se refiere a algo que no cede fácilmente ante la presión o que mantiene una posición con determinación, mientras que sólido implica una consistencia interna robusta, sin huecos ni debilidades estructurales;Firm and solid both describe stability or resistance, but firm refers to something that does not yield easily under pressure or that maintains a position with determination, while solid implies a robust internal consistency with no gaps or structural weaknesses
Viajar y trasladarse describen el movimiento de un lugar a otro, pero viajar connota un desplazamiento generalmente largo, enriquecedor o placentero, mientras que trasladarse es más neutro y se refiere simplemente al acto de moverse de un punto a otro, sin implicar distancia ni disfrute;Travel and relocate both describe movement from one place to another, but travel connotes a generally long, enriching, or pleasurable journey, while relocate is more neutral and simply refers to the act of moving from one point to another without implying distance or enjoyment
Antiguo y arcaico describen algo perteneciente a épocas pasadas, pero antiguo puede tener una connotación positiva al evocar tradición o valor histórico, mientras que arcaico implica que algo está tan desfasado que resulta inadecuado o incomprensible en el contexto actual;Ancient and archaic both describe something belonging to past eras, but ancient can carry a positive connotation evoking tradition or historical value, while archaic implies that something is so outdated that it is inappropriate or incomprehensible in the current context
Escueto y conciso describen un estilo de expresión breve, pero escueto implica una brevedad que puede rozar la sequedad o la falta de detalle, mientras que conciso connota una brevedad deliberada y precisa que logra transmitir toda la información necesaria sin palabras innecesarias;Terse and concise both describe a brief style of expression, but terse implies a brevity that can border on dryness or lack of detail, while concise connotes a deliberate and precise brevity that manages to convey all necessary information without unnecessary words
Presumir y alardear describen el acto de mostrar con orgullo las propias cualidades o posesiones, pero presumir puede tener un matiz más leve y cotidiano, mientras que alardear implica una ostentación más exagerada, repetitiva e irritante para quienes la presencian;Boast and brag both describe showing off one's qualities or possessions with pride, but boast can have a milder and more everyday nuance, while brag implies a more exaggerated, repetitive, and irritating display of self-promotion for those who witness it
Paciente y resignado describen la actitud de alguien que soporta una situación difícil sin reaccionar de forma negativa, pero paciente implica una espera activa y serena con la expectativa de que las cosas mejorarán, mientras que resignado connota una aceptación pasiva y sin esperanza de una situación que no se puede cambiar;Patient and resigned both describe the attitude of someone who endures a difficult situation without reacting negatively, but patient implies an active and calm waiting with the expectation that things will improve, while resigned connotes a passive and hopeless acceptance of a situation that cannot be changed
Enojarse y irritarse describen reacciones emocionales negativas ante algo que molesta, pero enojarse implica un estado de enfado más claro y consciente, mientras que irritarse connota una reacción más superficial, nerviosa e involuntaria ante pequeñas molestias acumuladas;Get angry and get irritated both describe negative emotional reactions to something bothersome, but get angry implies a clearer and more conscious state of displeasure, while get irritated connotes a more superficial, nervous, and involuntary reaction to small accumulated annoyances
Envejecer y deteriorarse describen un proceso de cambio negativo con el tiempo, pero envejecer se refiere al proceso natural de hacerse mayor, aplicable tanto a personas como a objetos, mientras que deteriorarse implica una degradación de la calidad o el estado de algo que va perdiendo sus propiedades o funciones;Age and deteriorate both describe a process of negative change over time, but age refers to the natural process of growing older, applicable to both people and objects, while deteriorate implies a degradation in the quality or condition of something that is progressively losing its properties or functions
Escalar y trepar describen el acto de subir por una superficie con esfuerzo, pero escalar se usa especialmente para ascensos en montañas, paredes o estructuras verticales con técnica y equipamiento, mientras que trepar es más informal y se refiere a subir agarrándose con manos y pies de forma más instintiva;Climb and scramble both describe the act of going up a surface with effort, but climb is used especially for ascending mountains, walls, or vertical structures with technique and equipment, while scramble is more informal and refers to moving upward by gripping with hands and feet in a more instinctive and hurried manner
Atraer y seducir describen la capacidad de generar interés o deseo en otra persona, pero atraer es el término general que implica despertar atención o interés de forma natural, mientras que seducir connota un proceso más deliberado e intencionado de conquistar o persuadir a alguien;Attract and seduce both describe the ability to generate interest or desire in another person, but attract is the general term implying naturally drawing attention or interest, while seduce connotes a more deliberate and intentional process of winning someone over or persuading them
Honesto y sincero describen cualidades relacionadas con la verdad, pero honesto implica actuar con integridad y rectitud moral en todos los ámbitos, mientras que sincero se centra específicamente en expresar los pensamientos y sentimientos propios con autenticidad y sin fingimiento;Honest and sincere both describe qualities related to truth, but honest implies acting with integrity and moral uprightness in all areas of life, while sincere focuses specifically on expressing one's own thoughts and feelings with authenticity and without pretense
Molestar y fastidiar describen el acto de causar incomodidad a alguien, pero molestar implica interrumpir o incomodar a alguien de forma puntual, mientras que fastidiar connota una molestia más persistente, repetitiva o exasperante que acaba agotando la paciencia del afectado;Bother and annoy both describe causing discomfort to someone, but bother implies interrupting or inconveniencing someone on a specific occasion, while annoy connotes a more persistent, repetitive, or exasperating nuisance that ends up wearing down the patience of the person affected
Apreciar y valorar describen el reconocimiento del mérito o la importancia de algo, pero apreciar implica una respuesta emocional positiva ante las cualidades de algo o alguien, mientras que valorar supone una evaluación más reflexiva y consciente del peso o la importancia que algo tiene;Appreciate and value both describe recognizing the merit or importance of something, but appreciate implies a positive emotional response to the qualities of something or someone, while value suggests a more reflective and conscious assessment of the weight or importance that something holds
Confiar y fiarse describen la disposición a creer en la honestidad o capacidad de alguien, pero confiar implica una fe más profunda y duradera basada en la experiencia o el conocimiento de la persona, mientras que fiarse es más coloquial y puede referirse a una confianza más puntual o circunstancial;Trust and rely both describe a willingness to believe in someone's honesty or ability, but trust implies a deeper and more lasting faith based on experience or knowledge of the person, while rely is more specific and refers to depending on someone for a particular task or in a particular circumstance
Separar y dividir describen el acto de hacer que algo deje de estar junto, pero separar implica poner distancia entre elementos que estaban unidos o próximos, mientras que dividir implica partir algo en partes o fracciones, generalmente de forma más deliberada y con un criterio definido;Separate and divide both describe making something cease to be together, but separate implies putting distance between elements that were joined or close together, while divide implies splitting something into parts or fractions, generally in a more deliberate way and according to a defined criterion
Curioso y ansioso describen estados de activación mental ante algo desconocido o por venir, pero curioso connota un interés positivo y abierto por explorar o descubrir algo nuevo, mientras que ansioso implica una tensión emocional negativa ante la incertidumbre o la espera de algo que genera inquietud;Curious and anxious both describe states of mental activation in the face of something unknown or upcoming, but curious connotes a positive and open interest in exploring or discovering something new, while anxious implies a negative emotional tension in the face of uncertainty or the anticipation of something that causes unease
Robusto y fornido describen una complexión física fuerte, pero robusto se aplica tanto a personas como a objetos o sistemas y connota solidez y resistencia general, mientras que fornido se refiere exclusivamente a personas y enfatiza una musculatura desarrollada y una constitución corporal poderosa;Robust and sturdy both describe a strong physical constitution, but robust applies to people, objects, or systems and connotes general solidity and resilience, while sturdy refers more specifically to something built or made to withstand force, emphasizing structural strength and durability
Mentir y engañar describen actos de deshonestidad, pero mentir se refiere específicamente a decir algo falso de forma consciente, mientras que engañar es más amplio e implica inducir a alguien a una creencia falsa mediante palabras, acciones o apariencias, no necesariamente con una mentira directa;Lie and deceive both describe acts of dishonesty, but lie refers specifically to consciously stating something false, while deceive is broader and implies leading someone to a false belief through words, actions, or appearances, not necessarily through a direct false statement
Olvidar y ignorar describen la falta de atención hacia algo, pero olvidar implica que algo ha desaparecido de la memoria de forma involuntaria, mientras que ignorar supone una decisión consciente de no prestar atención a algo o alguien que está presente o es conocido;Forget and ignore both describe a lack of attention toward something, but forget implies that something has involuntarily disappeared from memory, while ignore suggests a conscious decision not to pay attention to something or someone that is present or known
Alegrar y animar describen el acto de mejorar el estado de ánimo de alguien, pero alegrar implica provocar una sensación de júbilo o satisfacción en otra persona, mientras que animar connota un impulso más activo orientado a motivar, dar energía o levantar el ánimo de alguien que está decaído;Cheer and encourage both describe improving someone's mood, but cheer implies provoking a feeling of joy or delight in another person, while encourage connotes a more active impulse aimed at motivating, energizing, or lifting the spirits of someone who is feeling low
Habituarse y acostumbrarse describen el proceso de adaptarse a algo nuevo, pero habituarse implica una adaptación gradual e inconsciente a una situación o estímulo repetido, mientras que acostumbrarse connota un proceso más consciente de ajuste a nuevas circunstancias o condiciones de vida;Get used to and adapt both describe the process of adjusting to something new, but get used to implies a gradual and often unconscious adaptation to a repeated situation or stimulus, while adapt connotes a more conscious and deliberate process of adjusting to new circumstances or conditions
Escaso y nulo describen la ausencia o casi ausencia de algo, pero escaso indica que algo existe pero en cantidad muy reducida, mientras que nulo implica una ausencia total o la completa falta de efecto, valor o existencia de algo;Scarce and null both describe the absence or near absence of something, but scarce indicates that something exists but in very limited quantity, while null implies a total absence or the complete lack of effect, value, or existence of something
Poderoso y influyente describen a alguien con capacidad de ejercer efecto sobre otros, pero poderoso se refiere a quien tiene fuerza, autoridad o recursos para imponer su voluntad, mientras que influyente describe a quien tiene la capacidad de moldear opiniones, decisiones o comportamientos de forma más sutil y persuasiva;Powerful and influential both describe someone with the capacity to affect others, but powerful refers to someone who has the strength, authority, or resources to impose their will, while influential describes someone who has the ability to shape opinions, decisions, or behaviors in a more subtle and persuasive way
Aburrir y cansar describen el efecto negativo que algo produce en quien lo experimenta, pero aburrir implica generar una sensación de tedio o falta de interés por ausencia de estímulos, mientras que cansar implica producir fatiga física o mental por exceso de esfuerzo o por la repetición prolongada de algo;Bore and tire both describe the negative effect something produces on the person experiencing it, but bore implies generating a feeling of tedium or lack of interest due to an absence of stimulation, while tire implies producing physical or mental fatigue through excessive effort or prolonged repetition of something
Rechazar y descartar describen la acción de no aceptar algo, pero rechazar implica una negativa activa y a menudo emocional hacia una persona, propuesta o idea, mientras que descartar es más neutro y se refiere a eliminar una opción del conjunto de posibilidades consideradas, generalmente tras una evaluación racional;Reject and discard both describe the action of not accepting something, but reject implies an active and often emotional refusal toward a person, proposal, or idea, while discard is more neutral and refers to eliminating an option from the set of possibilities being considered, generally after a rational evaluation
Presumido y vanidoso describen a alguien excesivamente preocupado por su propia imagen, pero presumido se refiere a quien alardea de sus cualidades o posesiones ante los demás de forma ostentosa, mientras que vanidoso connota una preocupación más interna y constante por la propia apariencia y el deseo de ser admirado;Conceited and vain both describe someone excessively concerned with their own image, but conceited refers to someone who boasts about their qualities or possessions in an ostentatious way, while vain connotes a more internal and constant preoccupation with one's own appearance and the desire to be admired
Persistir y insistir describen la continuación de una acción a pesar de las dificultades, pero persistir implica mantenerse firme en un propósito o situación a lo largo del tiempo sin rendirse, mientras que insistir se centra en repetir una petición, argumento o acción de forma reiterada para lograr un resultado concreto;Persist and insist both describe continuing an action despite difficulties, but persist implies remaining firm in a purpose or situation over time without giving up, while insist focuses on repeating a request, argument, or action repeatedly in order to achieve a specific result
Generoso y desprendido describen a alguien que da o comparte con facilidad, pero generoso implica una disposición amplia a dar tiempo, dinero o recursos a los demás de forma voluntaria, mientras que desprendido connota una actitud de desapego hacia los bienes materiales, dando sin esperar nada a cambio y sin conceder importancia a lo que se entrega;Generous and selfless both describe someone who gives or shares readily, but generous implies a broad willingness to give time, money, or resources to others voluntarily, while selfless connotes an attitude of detachment from material possessions, giving without expecting anything in return and without placing importance on what is given
Nervioso y inquieto describen un estado de agitación interior, pero nervioso se refiere a una tensión emocional o física provocada por una situación concreta que genera ansiedad o estrés, mientras que inquieto connota una agitación más difusa y continua, a menudo asociada a la dificultad para estar quieto o concentrado;Nervous and restless both describe a state of inner agitation, but nervous refers to an emotional or physical tension triggered by a specific situation that generates anxiety or stress, while restless connotes a more diffuse and continuous agitation, often associated with difficulty staying still or focused
Culpar y responsabilizar describen el acto de atribuir a alguien la causa de algo negativo, pero culpar implica una acusación con carga emocional negativa que señala a alguien como causante de un daño, mientras que responsabilizar es más neutro y formal, e implica hacer que alguien asuma las consecuencias de sus actos sin necesariamente condenarle;Blame and hold accountable both describe attributing the cause of something negative to someone, but blame implies an emotionally charged accusation pointing to someone as the cause of harm, while hold accountable is more neutral and formal, implying making someone face the consequences of their actions without necessarily condemning them
Escaso y limitado describen una cantidad o disponibilidad reducida, pero escaso enfatiza la dificultad de encontrar o conseguir algo por su poca abundancia, mientras que limitado indica que algo existe dentro de unos márgenes o restricciones definidos que impiden su expansión o uso ilimitado;Scarce and limited both describe a reduced quantity or availability, but scarce emphasizes the difficulty of finding or obtaining something due to its low abundance, while limited indicates that something exists within defined margins or restrictions that prevent its unlimited expansion or use
Pausado y flemático describen a una persona que actúa con calma y sin precipitación, pero pausado se refiere a quien realiza sus acciones de forma deliberada y sin prisa, mientras que flemático connota una calma más profunda e innata, asociada a un temperamento que raramente se altera ante las circunstancias externas;Unhurried and phlegmatic both describe a person who acts calmly and without haste, but unhurried refers to someone who carries out their actions deliberately and without rushing, while phlegmatic connotes a deeper and more innate calmness, associated with a temperament that is rarely disturbed by external circumstances
Innovar y renovar describen el acto de introducir cambios, pero innovar implica crear algo nuevo o aplicar ideas originales que no existían antes, mientras que renovar supone actualizar o mejorar algo que ya existe, devolviéndole frescura o funcionalidad sin necesariamente crear algo desde cero;Innovate and renew both describe the act of introducing changes, but innovate implies creating something new or applying original ideas that did not exist before, while renew means updating or improving something that already exists, restoring its freshness or functionality without necessarily creating something from scratch
Escuchar y obedecer describen respuestas ante las palabras de otro, pero escuchar implica simplemente recibir y procesar lo que alguien dice sin que ello implique una acción posterior, mientras que obedecer supone actuar en conformidad con lo que se ha dicho o mandado, siguiendo una instrucción o norma;Listen and obey both describe responses to another person's words, but listen simply implies receiving and processing what someone says without necessarily implying a subsequent action, while obey means acting in accordance with what has been said or ordered, following an instruction or rule
Amparo y refugio describen la protección que se ofrece ante un peligro o dificultad, pero amparo implica una protección de carácter legal, moral o institucional que defiende los derechos o la seguridad de alguien, mientras que refugio se refiere a un lugar físico o situación que ofrece cobijo y seguridad ante una amenaza concreta;Protection and refuge both describe the shelter offered against danger or difficulty, but protection implies a legal, moral, or institutional safeguard that defends someone's rights or safety, while refuge refers to a physical place or situation that provides shelter and security against a specific threat
Cotidiano y mundano describen algo que forma parte de la vida ordinaria, pero cotidiano se refiere a lo que ocurre o se usa todos los días de forma habitual y sin connotación negativa, mientras que mundano puede implicar una crítica sutil al señalar algo como trivial, superficial o carente de elevación espiritual o intelectual;Everyday and mundane both describe something that forms part of ordinary life, but everyday refers to what happens or is used daily in a habitual way without negative connotation, while mundane can imply a subtle criticism by pointing to something as trivial, superficial, or lacking in spiritual or intellectual elevation
Recordar y memorizar describen la relación con la memoria, pero recordar implica traer algo al presente de forma espontánea o voluntaria, mientras que memorizar supone un esfuerzo deliberado y sistemático para fijar información en la memoria a largo plazo;Remember and memorize both relate to memory, but remember implies bringing something to mind spontaneously or voluntarily, while memorize involves a deliberate and systematic effort to fix information in long-term memory
Hablar y conversar describen el uso del lenguaje oral, pero hablar puede ser un acto unilateral en el que una persona se expresa sin necesidad de respuesta, mientras que conversar implica un intercambio recíproco y dinámico entre dos o más personas;Speak and converse both describe the use of spoken language, but speak can be a one-sided act in which a person expresses themselves without requiring a response, while converse implies a reciprocal and dynamic exchange between two or more people
Asombrar y sorprender describen el efecto de algo inesperado sobre quien lo experimenta, pero sorprender implica causar una reacción ante algo imprevisto, mientras que asombrar connota un impacto más profundo e intenso que deja a alguien sin palabras o con una sensación de maravilla;Surprise and astonish both describe the effect of something unexpected on the person experiencing it, but surprise implies causing a reaction to something unforeseen, while astonish connotes a deeper and more intense impact that leaves someone speechless or filled with wonder
Esconder y disimular describen formas de ocultar algo, pero esconder implica poner algo fuera de la vista de forma física, mientras que disimular se refiere a ocultar sentimientos, intenciones o reacciones de forma que no sean percibidos por los demás;Hide and disguise both describe ways of concealing something, but hide implies physically putting something out of sight, while disguise refers to concealing feelings, intentions, or reactions so that they are not perceived by others
Tranquilizar y consolar describen acciones para aliviar el malestar de alguien, pero tranquilizar implica reducir la ansiedad o el nerviosismo de alguien mediante palabras o acciones calmantes, mientras que consolar se centra en acompañar y aliviar el dolor emocional de quien sufre una pérdida o tristeza profunda;Calm and console both describe actions to relieve someone's distress, but calm implies reducing someone's anxiety or nervousness through soothing words or actions, while console focuses on accompanying and easing the emotional pain of someone suffering a loss or deep sadness
Duradero y permanente describen algo que se mantiene en el tiempo, pero duradero implica que algo resiste el paso del tiempo mejor que lo habitual sin necesariamente ser eterno, mientras que permanente connota una condición que no cambia ni desaparece, con carácter definitivo e inamovible;Lasting and permanent both describe something that endures over time, but lasting implies that something withstands the passage of time better than usual without necessarily being eternal, while permanent connotes a condition that does not change or disappear, with a definitive and immovable character
Exigir y demandar describen el acto de reclamar algo con firmeza, pero exigir implica reclamar algo a lo que se cree tener derecho con autoridad o determinación, mientras que demandar tiene un uso más formal y puede referirse a una reclamación legal o a una petición enérgica en contextos institucionales;Demand and claim both describe assertively requesting something, but demand implies claiming something one believes to be entitled to with authority or determination, while claim carries a broader use and can refer to asserting a right, ownership, or entitlement in a more formal or legal context
Reflexionar y meditar describen el proceso de pensar con profundidad, pero reflexionar implica analizar una situación o idea con detenimiento para llegar a una conclusión, mientras que meditar connota una contemplación más serena e interior, a veces asociada a prácticas espirituales o de autoconocimiento;Reflect and meditate both describe the process of thinking deeply, but reflect implies analyzing a situation or idea carefully in order to reach a conclusion, while meditate connotes a calmer and more inward contemplation, sometimes associated with spiritual practices or self-knowledge
Abundante y copioso describen una gran cantidad de algo, pero abundante es el término general para indicar que algo existe en gran cantidad, mientras que copioso enfatiza una cantidad especialmente generosa o desbordante, a menudo referida a comida, lluvia o producción;Abundant and copious both describe a large quantity of something, but abundant is the general term for indicating that something exists in great quantity, while copious emphasizes a particularly generous or overflowing amount, often referring to food, rain, or output
Ceder y rendirse describen el acto de dejar de resistir, pero ceder implica hacer una concesión parcial o aceptar la posición del otro sin abandonar completamente la propia, mientras que rendirse connota una capitulación total ante una situación o adversario, abandonando toda resistencia o pretensión;Yield and surrender both describe the act of ceasing to resist, but yield implies making a partial concession or accepting the other's position without completely abandoning one's own, while surrender connotes a total capitulation before a situation or adversary, abandoning all resistance or claim
Presumir y sospechar describen actitudes ante algo incierto, pero presumir implica dar algo por supuesto sin pruebas concluyentes, mientras que sospechar connota una desconfianza o intuición negativa ante algo que no se puede confirmar pero que genera inquietud;Presume and suspect both describe attitudes toward something uncertain, but presume implies taking something for granted without conclusive proof, while suspect connotes a distrust or negative intuition about something that cannot be confirmed but causes unease
Admirar y envidiar describen reacciones ante las cualidades o logros de otro, pero admirar implica un reconocimiento positivo y desinteresado de las virtudes ajenas, mientras que envidiar connota un deseo de poseer lo que el otro tiene acompañado de un malestar por no tenerlo;Admire and envy both describe reactions to another person's qualities or achievements, but admire implies a positive and disinterested recognition of someone else's virtues, while envy connotes a desire to possess what the other has accompanied by discomfort at not having it
Escrupuloso y minucioso describen una forma de actuar con gran cuidado, pero escrupuloso implica una preocupación moral o ética por hacer las cosas correctamente y sin faltar a los principios, mientras que minucioso se centra en la atención exhaustiva a cada detalle sin implicar necesariamente una dimensión moral;Scrupulous and meticulous both describe acting with great care, but scrupulous implies a moral or ethical concern for doing things correctly and without compromising principles, while meticulous focuses on exhaustive attention to every detail without necessarily implying a moral dimension
Huir y escapar describen el acto de alejarse de una situación peligrosa o indeseable, pero huir connota una retirada motivada por el miedo o la urgencia, mientras que escapar implica liberarse de una situación de la que era difícil o imposible salir;Flee and escape both describe moving away from a dangerous or undesirable situation, but flee connotes a retreat motivated by fear or urgency, while escape implies breaking free from a situation that was difficult or impossible to leave
Propósito y objetivo describen una meta que se desea alcanzar, pero propósito connota una intención más profunda y personal que da sentido a las acciones de alguien, mientras que objetivo es más concreto y medible, referido a un resultado específico que se quiere lograr en un plazo determinado;Purpose and objective both describe a goal one wishes to achieve, but purpose connotes a deeper and more personal intention that gives meaning to someone's actions, while objective is more concrete and measurable, referring to a specific result to be achieved within a defined timeframe
Castigar y sancionar describen la imposición de una consecuencia negativa ante una falta, pero castigar es el término general que puede aplicarse en contextos familiares, educativos o morales, mientras que sancionar tiene un uso más formal y se aplica especialmente en contextos legales, laborales o institucionales;Punish and sanction both describe imposing a negative consequence for a wrongdoing, but punish is the general term applicable in family, educational, or moral contexts, while sanction has a more formal use and applies especially in legal, professional, or institutional contexts
Brillar y resplandecer describen la emisión de luz o destaque, pero brillar es el término cotidiano para emitir o reflejar luz de forma notable, mientras que resplandecer implica una luminosidad más intensa, deslumbrante y llamativa que capta la atención de forma irresistible;Shine and gleam both describe the emission or reflection of light, but shine is the everyday term for emitting or reflecting light in a notable way, while gleam implies a softer, more intermittent flash of light that catches the eye briefly and often suggests a polished or reflective surface
Agotar y consumir describen el proceso de acabar con algo, pero agotar implica llegar al límite de las reservas disponibles dejando nada, mientras que consumir es más neutro y se refiere al uso progresivo de un recurso sin necesariamente implicar que se ha llegado al límite;Exhaust and consume both describe the process of using something up, but exhaust implies reaching the limit of available reserves leaving nothing behind, while consume is more neutral and refers to the progressive use of a resource without necessarily implying that the limit has been reached
Tímido y reservado describen a una persona poco expresiva en sociedad, pero tímido implica una dificultad emocional para relacionarse con otros motivada por el miedo o la inseguridad, mientras que reservado connota una elección consciente de no compartir pensamientos o sentimientos con facilidad;Shy and reserved both describe a person who is not very expressive in social settings, but shy implies an emotional difficulty in relating to others driven by fear or insecurity, while reserved connotes a conscious choice not to share thoughts or feelings easily
Comparar y contrastar describen el análisis de similitudes y diferencias, pero comparar implica examinar dos o más elementos para identificar sus semejanzas o diferencias de forma general, mientras que contrastar enfatiza específicamente las diferencias entre elementos para destacar lo que los distingue;Compare and contrast both describe the analysis of similarities and differences, but compare implies examining two or more elements to identify their resemblances or differences in general, while contrast specifically emphasizes the differences between elements to highlight what distinguishes them
Presumir y jactarse describen el acto de mostrar con orgullo los propios méritos, pero presumir tiene un matiz más cotidiano y leve, mientras que jactarse implica una ostentación más exagerada y repetitiva que puede resultar molesta para quienes la escuchan;Boast and brag both describe displaying one's merits with pride, but boast has a milder everyday nuance, while brag implies a more exaggerated and repetitive self-promotion that can be irritating to those who hear it
Concluir y finalizar describen el cierre de algo, pero concluir implica llegar a una resolución o deducción tras un proceso de análisis, mientras que finalizar se refiere simplemente al acto de dar por terminado algo sin implicar necesariamente una conclusión intelectual;Conclude and finalize both describe bringing something to a close, but conclude implies reaching a resolution or deduction after a process of analysis, while finalize simply refers to the act of completing or officially ending something without necessarily implying an intellectual conclusion
Ágil y veloz describen capacidad de movimiento, pero ágil se refiere a la facilidad y destreza para moverse o reaccionar con rapidez y precisión, mientras que veloz se centra exclusivamente en la rapidez del desplazamiento sin implicar necesariamente coordinación o destreza;Agile and swift both describe movement capability, but agile refers to the ease and skill of moving or reacting quickly and precisely, while swift focuses exclusively on the speed of movement without necessarily implying coordination or dexterity
Planear y proyectar describen la preparación de acciones futuras, pero planear implica organizar los pasos necesarios para alcanzar un objetivo, mientras que proyectar connota una visión más amplia y a largo plazo que anticipa resultados y consecuencias;Plan and project both describe preparing future actions, but plan implies organizing the necessary steps to reach a goal, while project connotes a broader and longer-term vision that anticipates results and consequences
Escaso y raro describen algo poco común, pero escaso se refiere a la poca cantidad disponible de algo, mientras que raro enfatiza la infrecuencia con que algo ocurre o se encuentra, sin implicar necesariamente que exista en poca cantidad;Scarce and rare both describe something uncommon, but scarce refers to the small available quantity of something, while rare emphasizes the infrequency with which something occurs or is found, without necessarily implying it exists in small quantities
Dominar y controlar describen el ejercicio de autoridad sobre algo, pero dominar implica una superioridad o maestría que somete a otros o a una situación, mientras que controlar connota una gestión más técnica y deliberada orientada a mantener algo dentro de unos límites deseados;Dominate and control both describe exercising authority over something, but dominate implies a superiority or mastery that subjugates others or a situation, while control connotes a more technical and deliberate management aimed at keeping something within desired limits
Frugal y austero describen a alguien que evita el gasto excesivo, pero frugal se refiere a quien consume solo lo necesario con moderación y sin desperdicio, mientras que austero connota una renuncia más deliberada a las comodidades y los lujos, a veces con un matiz de severidad o rigor;Frugal and austere both describe someone who avoids excessive spending, but frugal refers to someone who consumes only what is necessary with moderation and without waste, while austere connotes a more deliberate renunciation of comforts and luxuries, sometimes with a nuance of severity or rigor
Intuir y percibir describen formas de captar información sin un análisis explícito, pero intuir implica llegar a una conclusión de forma instintiva y sin razonamiento consciente, mientras que percibir se refiere a captar algo a través de los sentidos o de una sensación más difusa pero reconocible;Intuit and perceive both describe ways of capturing information without explicit analysis, but intuit implies reaching a conclusion instinctively and without conscious reasoning, while perceive refers to capturing something through the senses or through a more diffuse but recognizable sensation
Cómodo y confortable describen una sensación de bienestar físico, pero cómodo es el término general para algo que no genera incomodidad o esfuerzo, mientras que confortable añade un matiz de calidez y agrado que va más allá de la simple ausencia de molestia;Comfortable and cozy both describe a sense of physical well-being, but comfortable is the general term for something that causes no discomfort or effort, while cozy adds a nuance of warmth and pleasantness that goes beyond the simple absence of discomfort
Imponer y obligar describen el acto de forzar a alguien a hacer algo, pero imponer implica establecer algo por autoridad o fuerza sin dar opción a la negativa, mientras que obligar connota una presión más directa sobre una persona específica para que realice una acción determinada;Impose and compel both describe forcing someone to do something, but impose implies establishing something by authority or force without allowing refusal, while compel connotes a more direct pressure on a specific person to carry out a particular action
Escueto y lacónico describen un estilo de expresión muy breve, pero escueto implica una brevedad que puede resultar seca o poco elaborada, mientras que lacónico connota una concisión extrema y deliberada que expresa mucho con muy pocas palabras, a menudo con un efecto contundente;Terse and laconic both describe a very brief style of expression, but terse implies a brevity that can seem dry or underdeveloped, while laconic connotes an extreme and deliberate conciseness that expresses a great deal with very few words, often with a forceful effect
Alentar y motivar describen el acto de impulsar a alguien hacia la acción, pero alentar implica dar ánimo y apoyo emocional a alguien que duda o se siente inseguro, mientras que motivar connota despertar el deseo interno de actuar mediante razones, incentivos o estímulos;Encourage and motivate both describe the act of driving someone toward action, but encourage implies giving emotional support to someone who doubts or feels insecure, while motivate connotes awakening the internal desire to act through reasons, incentives, or stimuli
Descubrir y revelar describen el acto de hacer algo conocido, pero descubrir implica encontrar algo que existía pero era desconocido, mientras que revelar supone dar a conocer algo que se mantenía oculto de forma deliberada;Discover and reveal both describe making something known, but discover implies finding something that existed but was unknown, while reveal means making known something that was deliberately kept hidden
Frío y distante describen una actitud poco afectuosa, pero frío se refiere a la ausencia de calidez emocional en el trato con otros, mientras que distante connota una separación más marcada, como si la persona mantuviera una barrera intencional entre ella y los demás;Cold and distant both describe an unaffectionate attitude, but cold refers to the absence of emotional warmth in dealings with others, while distant connotes a more marked separation, as if the person intentionally maintains a barrier between themselves and others
Urgente y inminente describen algo que está a punto de ocurrir o que requiere atención inmediata, pero urgente se centra en la necesidad de actuar sin demora, mientras que inminente describe la proximidad temporal de un evento que está a punto de suceder independientemente de la acción humana;Urgent and imminent both describe something about to happen or requiring immediate attention, but urgent focuses on the need to act without delay, while imminent describes the temporal proximity of an event that is about to occur regardless of human action
Mejorar y perfeccionar describen el proceso de hacer algo mejor, pero mejorar implica avanzar desde un estado inferior a uno superior sin necesariamente alcanzar la excelencia, mientras que perfeccionar connota llevar algo al mayor grado posible de calidad o precisión;Improve and perfect both describe the process of making something better, but improve implies advancing from a lower state to a higher one without necessarily reaching excellence, while perfect connotes bringing something to the highest possible degree of quality or precision
Esconder y guardar describen el acto de poner algo en un lugar determinado, pero esconder implica ocultarlo para que no sea encontrado, mientras que guardar simplemente implica ponerlo en un lugar seguro para conservarlo o protegerlo sin intención de ocultarlo;Hide and keep both describe placing something in a specific location, but hide implies concealing it so it cannot be found, while keep simply means putting it in a safe place to preserve or protect it without any intention of concealment
Habitual y periódico describen algo que se repite, pero habitual se refiere a lo que forma parte de una costumbre o rutina personal, mientras que periódico indica que algo ocurre a intervalos regulares y predecibles, independientemente de si forma parte de un hábito personal;Habitual and periodic both describe something that repeats, but habitual refers to what forms part of a personal custom or routine, while periodic indicates that something occurs at regular and predictable intervals, regardless of whether it forms part of a personal habit
Cansado y hastiado describen un estado de saturación, pero cansado se refiere a la fatiga física o mental producida por el esfuerzo, mientras que hastiado connota un agotamiento emocional producido por el exceso o la repetición de algo que ha dejado de interesar o satisfacer;Tired and weary both describe a state of saturation, but tired refers to physical or mental fatigue produced by effort, while weary connotes an emotional exhaustion produced by excess or repetition of something that has ceased to interest or satisfy
Atrapar y capturar describen el acto de hacerse con algo o alguien que se mueve o escapa, pero atrapar implica un acto rápido e imprevisto de coger algo en movimiento, mientras que capturar connota un proceso más deliberado y planificado para aprehender a alguien o algo;Catch and capture both describe the act of taking hold of something or someone that is moving or escaping, but catch implies a quick and unplanned act of seizing something in motion, while capture connotes a more deliberate and planned process of apprehending someone or something
Sencillo y simple describen algo sin complicaciones, pero sencillo puede referirse tanto a la facilidad de algo como a la modestia o naturalidad de una persona, mientras que simple se centra en la ausencia de complejidad o elementos innecesarios, a veces con connotación de excesiva elementalidad;Simple and plain both describe something without complications, but simple can refer to both the ease of something and the modesty or naturalness of a person, while plain focuses on the absence of complexity or unnecessary elements, sometimes with a connotation of excessive basicness
Observar y vigilar implican prestar atención a algo, pero observar se refiere a mirar con atención para obtener información o comprender algo, mientras que vigilar implica una supervisión continua orientada a detectar irregularidades o garantizar la seguridad;Observe and monitor both involve paying attention to something, but observe refers to watching carefully to obtain information or understand something, while monitor implies continuous supervision aimed at detecting irregularities or ensuring safety
Crecer y prosperar describen un proceso de avance positivo, pero crecer se refiere al aumento en tamaño, cantidad o madurez, mientras que prosperar connota un avance hacia el éxito, la abundancia o el bienestar de forma sostenida;Grow and prosper both describe a process of positive advancement, but grow refers to an increase in size, quantity, or maturity, while prosper connotes a sustained advancement toward success, abundance, or well-being
Leal y fiel describen la constancia en el compromiso hacia alguien o algo, pero leal implica una adhesión firme a una persona, causa o institución incluso en circunstancias adversas, mientras que fiel connota una constancia más íntima y personal en el cumplimiento de los compromisos adquiridos;Loyal and faithful both describe constancy in commitment toward someone or something, but loyal implies a firm adherence to a person, cause, or institution even in adverse circumstances, while faithful connotes a more intimate and personal constancy in fulfilling the commitments made
Impresionar y deslumbrar describen el efecto de algo notable sobre quien lo experimenta, pero impresionar implica causar una reacción de admiración o sorpresa ante algo destacado, mientras que deslumbrar connota un impacto más intenso y arrollador que supera las expectativas y deja sin capacidad de respuesta;Impress and dazzle both describe the effect of something remarkable on the person experiencing it, but impress implies causing a reaction of admiration or surprise at something outstanding, while dazzle connotes a more intense and overwhelming impact that exceeds expectations and leaves one momentarily speechless
Escuchar y acatar describen respuestas ante las palabras o normas de otro, pero escuchar implica recibir y procesar lo que se dice sin que ello implique necesariamente una acción, mientras que acatar supone aceptar y cumplir una norma, decisión o mandato de forma sumisa y sin cuestionarlo;Listen and comply both describe responses to another's words or rules, but listen implies receiving and processing what is said without necessarily implying action, while comply means accepting and following a rule, decision, or order submissively and without questioning it
Tranquilo y apacible describen un estado de calma, pero tranquilo se refiere a la ausencia de agitación o conflicto en una persona o entorno, mientras que apacible connota una calma más suave y placentera, asociada a entornos naturales o a personas de carácter dulce y sosegado;Calm and peaceful both describe a state of tranquility, but calm refers to the absence of agitation or conflict in a person or environment, while peaceful connotes a softer and more pleasant stillness, associated with natural settings or people of a gentle and composed character
Ganar y merecer describen la obtención de algo, pero ganar implica conseguir algo como resultado de un esfuerzo, competencia o suerte, mientras que merecer connota que alguien es digno de recibir algo por sus cualidades, acciones o comportamiento, independientemente de si lo obtiene o no;Earn and deserve both describe obtaining something, but earn implies getting something as a result of effort, competition, or luck, while deserve connotes that someone is worthy of receiving something based on their qualities, actions, or behavior, regardless of whether they actually obtain it
Proponer y plantear describen el acto de presentar una idea o cuestión, pero proponer implica ofrecer algo concreto para su consideración o aprobación, mientras que plantear connota introducir un tema, problema o pregunta para su análisis o discusión sin necesariamente ofrecer una solución;Propose and raise both describe presenting an idea or issue, but propose implies offering something specific for consideration or approval, while raise connotes introducing a topic, problem, or question for analysis or discussion without necessarily offering a solution
Aceptar y consentir describen la disposición a permitir o aprobar algo, pero aceptar implica una aprobación activa y voluntaria de algo que se ofrece o propone, mientras que consentir connota una permisividad más pasiva, a veces con matiz de tolerancia o condescendencia hacia algo que no se desea del todo;Accept and consent both describe a willingness to allow or approve something, but accept implies an active and voluntary approval of something offered or proposed, while consent connotes a more passive permissiveness, sometimes with a nuance of tolerance or condescension toward something not entirely desired
